candidate_id,family,seed,weights,rg,i_zero,min_pr,min_iq,pr_at_zero,pr_at_dmax,derivative_at_zero,derivative_at_dmax,accepted,rejection_reason
case_0000,clamped_spline_random,40,"[1.5138172914764918, 1.4481469222433847, 1.8954578310222487, 0.30737370808059356]",40.38208204959279,123.95509806285452,-0.015072805795434935,0.031026074010068697,0.0,2.220446049250313e-16,7.170190367370803e-17,-6.938893903907228e-18,False,negative_pr
case_0003,clamped_spline_random,40,"[1.34707031814597, 0.27619169856006753, 0.2858840939961374, 0.7746895686991287]",43.49968926644276,64.41205630308987,0.0,-0.007488438360486519,0.0,0.0,-7.632783294297951e-17,1.3877787807814457e-17,False,negative_iq
case_0004,clamped_spline_random,40,"[0.5801699207087282, 1.5972425278123663, 1.635034384278847, 0.5092189742808578]",44.62760934329977,103.71997936584684,0.0,-1.4095720211933318,0.0,1.6653345369377348e-16,-2.312964634635743e-17,0.0,False,negative_iq
case_0005,clamped_spline_random,40,"[0.4519970606412792, 0.866077701907504, 1.1533549729761252, 1.1762570569915105]",51.35344303846059,87.54448301693992,0.0,-0.35749653524018293,0.0,0.0,4.625929269271486e-17,0.0,False,negative_iq
case_0006,clamped_spline_random,40,"[0.8842232601210263, 0.976982500139212, 0.8491911339006446, 0.6941308751548112]",44.77706045457944,81.70866646035279,-1.1102230246251565e-16,-1.406627802104838e-05,0.0,-1.1102230246251565e-16,7.401486830834377e-17,6.938893903907228e-18,False,negative_iq
case_0007,clamped_spline_random,40,"[1.3172470266732124, 0.6847455456882139, 0.9535107153242748, 1.1226808713226633]",46.69523923700365,97.87641981233897,0.0,-0.032985169988960644,0.0,0.0,4.625929269271486e-17,0.0,False,negative_iq
case_0008,clamped_spline_random,40,"[0.7470805393725436, 0.8016427534592688, 0.6368289513603951, 0.6754171055566449]",45.605392907233686,68.66326439126331,0.0,-0.013892995650663868,0.0,0.0,3.180326372624146e-17,0.0,False,negative_iq
case_0009,clamped_spline_random,40,"[0.6090979812588461, 0.7261649825964995, 1.4684800650677778, 0.46014725121125505]",46.13869139417022,78.33336672013439,-2.7755575615628914e-17,-0.033372886319524286,0.0,-2.7755575615628914e-17,6.938893903907228e-17,-4.336808689942018e-18,False,negative_iq
case_0011,clamped_spline_random,40,"[0.7961406662671918, 0.7534779942559982, 0.4017849805361097, 1.2119630624950855]",49.73634073868363,75.92080088230973,0.0,-0.41293351913191295,0.0,0.0,-1.1564823173178715e-16,0.0,False,negative_iq
case_0012,clamped_spline_random,40,"[1.3014097456617597, 0.4932147281816093, 0.29636743364637164, 1.0645512541149815]",46.096556059077784,75.73303587552525,0.0,-0.044073887656911406,0.0,2.220446049250313e-16,7.632783294297951e-17,5.551115123125783e-17,False,negative_iq
case_0013,clamped_spline_random,40,"[0.899875491497304, 0.44263911341893514, 0.38315106161699874, 1.9665121759051851]",54.560809479171496,88.6122682150259,0.0,-0.5267417516281572,0.0,8.881784197001252e-16,-5.342948306008566e-16,2.7755575615628914e-17,False,negative_iq
case_0014,clamped_spline_random,40,"[1.6411558777414275, 1.3020204296016253, 0.9661452575157203, 1.8809804373539682]",47.91614110598545,138.96724804762277,0.0,-0.10038306886225153,0.0,0.0,-1.1564823173178714e-17,0.0,False,negative_iq
case_0015,clamped_spline_random,40,"[1.22842921503261, 1.2755323700032977, 0.6955684721513966, 1.2187646085266877]",45.97786838416806,106.03907197295197,-4.440892098500626e-16,-0.045768195208948904,0.0,-4.440892098500626e-16,-5.3198186596622086e-17,-1.3877787807814457e-17,False,negative_iq
case_0016,clamped_spline_random,40,"[1.3855018282153115, 1.554256579967872, 1.457329223892637, 1.788561149412413]",48.149475146670234,148.45557074986021,0.0,-0.08841888434184232,0.0,0.0,-5.088522196198634e-17,-4.163336342344337e-17,False,negative_iq
case_0017,clamped_spline_random,40,"[0.35340397449663996, 1.8658526447532744, 1.2537177995264666, 0.7658684192047636]",46.28187337596706,101.73222810753359,-0.0038943939503467574,-3.7342408310836883,0.0,0.0,4.7415775010032725e-17,0.0,False,negative_pr
case_0018,clamped_spline_random,40,"[1.5794734308996174, 0.42127825528525253, 0.45334341986180615, 1.992516678066965]",50.77390028526813,106.71868281451674,0.0,-0.14690558417766086,0.0,8.881784197001252e-16,-2.544261098099317e-17,0.0,False,negative_iq
case_0020,clamped_spline_random,40,"[0.7692483887651521, 1.8968139502563943, 1.9020176572735263, 1.6074696108932036]",49.0413312021385,148.2131905666708,0.0,-1.1374040930309037,0.0,0.0,1.3877787807814457e-17,-1.3877787807814457e-17,False,negative_iq
case_0021,clamped_spline_random,40,"[0.256620590053385, 0.6181171501441712, 1.4532955864785506, 0.9031838906682825]",52.079849614046765,77.5492132132056,-1.1102230246251565e-16,-3.740733430177417,0.0,-1.1102230246251565e-16,2.6599093298311043e-17,-3.469446951953614e-18,False,negative_iq
case_0022,clamped_spline_random,40,"[0.37880742578509935, 1.9501498192965214, 0.4576292568774199, 0.3714851001995376]",40.91861896918141,75.79371844881538,-0.010602179120609023,-5.597631820828395,0.0,0.0,-6.046234115227496e-17,6.938893903907228e-18,False,negative_pr
case_0023,clamped_spline_random,40,"[1.21326300828071, 0.6137678906824015, 0.7683317109504951, 0.7946223807180767]",44.66796840267366,81.3596397719503,0.0,-0.0012820201315185014,0.0,1.1102230246251565e-16,-1.2027416100105862e-16,1.3877787807814457e-17,False,negative_iq
case_0024,clamped_spline_random,40,"[0.9976056599616548, 1.2901247815568035, 1.7008391535259024, 1.0411731976716418]",46.84693866800025,120.71382702042123,0.0,-0.015381160035823759,0.0,1.1102230246251565e-16,2.6020852139652106e-17,6.938893903907228e-18,False,negative_iq
case_0029,clamped_spline_random,40,"[0.5904318414787552, 0.27130849984260647, 0.8204388259899839, 0.8757404312678425]",51.1933152637606,61.39007036347833,-1.1102230246251565e-16,-0.059233107272493424,0.0,-1.1102230246251565e-16,1.3950067952646823e-17,-6.938893903907228e-18,False,negative_iq
case_0034,clamped_spline_random,40,"[0.3809194177072604, 1.4578478619987603, 1.902334783840515, 1.886991861325776]",52.55785670145945,135.07425419160606,0.0,-4.1890019604509785,0.0,0.0,1.850371707708594e-17,-1.3877787807814457e-17,False,negative_iq
case_0035,clamped_spline_random,40,"[0.7833963285370618, 1.7972102136574222, 1.8742791913270713, 0.5735511456505464]",44.17696603913279,120.68248509536885,0.0,-0.07401425587136708,0.0,1.5959455978986625e-16,4.163336342344337e-17,6.938893903907228e-18,False,negative_iq
case_0036,clamped_spline_random,40,"[1.9502940794488832, 0.4584469169752584, 0.32165215748759596, 0.323572761811605]",33.537921002010044,73.29518197446832,0.0,0.0510949143738179,0.0,0.0,6.47630097698008e-17,0.0,False,accepted_limit_reached
case_0037,clamped_spline_random,40,"[0.7535960683040377, 0.7527159149993627, 1.37936908627142, 1.2413159872490103]",50.34555584969769,99.04792935986394,0.0,-0.07665228526301514,0.0,0.0,4.423544863740858e-17,6.938893903907228e-18,False,negative_iq
case_0038,clamped_spline_random,40,"[1.2922590184366751, 1.8891690964054009, 0.6424077133208288, 1.04762598126002]",43.289104005838254,116.91508342153726,0.0,-0.9657255034266103,0.0,4.440892098500626e-16,1.249000902703301e-16,-1.3877787807814457e-17,False,negative_iq
case_0039,clamped_spline_random,40,"[0.3729890194050392, 0.712985275422889, 1.1239610034313152, 1.9384806511496862]",55.81668034419003,99.56198278188603,0.0,-2.4515636308522746,0.0,0.0,-1.850371707708594e-17,0.0,False,negative_iq
case_0040,clamped_spline_random,40,"[1.6739458561750493, 1.5013235101988007, 1.296186363205286, 1.4243464004534674]",45.55864208877894,141.49925111519954,0.0,-0.027683598592835437,0.0,2.220446049250313e-16,-1.214306433183765e-16,-1.3877787807814457e-17,False,negative_iq
case_0041,clamped_spline_random,40,"[0.9497239990781999, 0.3275115845494261, 1.4793714187944262, 0.6102966780784154]",46.617740661354134,80.80568832882298,-5.551115123125783e-17,-0.010427313407981195,0.0,-5.551115123125783e-17,-1.0755285551056204e-16,-6.938893903907228e-18,False,negative_iq
case_0042,clamped_spline_random,40,"[0.5750052447253173, 0.6531650950915528, 1.5515283374897457, 1.0738156702252222]",50.812747607234,92.48434433711509,-1.1102230246251565e-16,-0.0690881515036201,0.0,-1.1102230246251565e-16,9.25185853854297e-18,0.0,False,negative_iq
case_0043,clamped_spline_random,40,"[1.5659994527392704, 1.3941548782648738, 1.9720520197140603, 1.9610202042424456]",48.685326299476024,165.43743731252817,0.0,-0.09422832740029924,0.0,4.440892098500626e-16,2.498001805406602e-16,5.551115123125783e-17,False,negative_iq
case_0044,clamped_spline_random,40,"[0.8308649928709283, 1.9788714599132244, 0.7576075377186999, 1.2483628139164293]",46.33605852030633,115.57696330150262,-8.881784197001252e-16,-3.1821461623698397,0.0,-8.881784197001252e-16,1.1044406130385671e-16,-4.163336342344337e-17,False,negative_iq
case_0045,clamped_spline_random,40,"[0.8346769747880719, 1.9698131611856833, 1.4199771726391908, 1.9270522293365278]",49.739527623805856,147.63646890496227,0.0,-2.6486352062332728,0.0,0.0,9.018755071458588e-17,-2.7755575615628914e-17,False,negative_iq
case_0046,clamped_spline_random,40,"[1.853032304148574, 1.3279722572754686, 0.39912351227466086, 1.4244566567985544]",44.21649805325604,120.11003352719517,0.0,-0.04102829668380963,0.0,0.0,-1.5728159515523052e-16,-1.3877787807814457e-17,False,negative_iq
case_0047,clamped_spline_random,40,"[1.4735442475848364, 1.7088360895291412, 1.366922646151373, 1.3821323708236024]",45.7293932257594,142.3544484925182,-2.220446049250313e-16,-0.029140730342019604,0.0,-2.220446049250313e-16,-8.673617379884035e-17,2.7755575615628914e-17,False,negative_iq
case_0048,clamped_spline_random,40,"[0.7964543276911282, 1.1717945314444294, 1.1222883950664246, 1.997814956852002]",52.174646172970846,122.12045306047729,-4.440892098500626e-16,-1.2994034041568523,0.0,-4.440892098500626e-16,1.0986582014519778e-17,0.0,False,negative_iq
case_0049,clamped_spline_random,40,"[1.2354215092057506, 1.9823810733491534, 0.3725065733252189, 0.6992569380828257]",40.08093785645921,102.94958625104886,0.0,-1.507390845124817,0.0,0.0,2.266705341943028e-16,6.938893903907228e-18,False,negative_iq
case_0050,clamped_spline_random,40,"[1.2259680952381045, 1.5256209235217393, 1.9005240884419499, 0.2265117500508179]",40.65332169802738,117.08699656944293,-0.04106082957544467,-0.0028901673251361957,0.0,1.1102230246251565e-16,-9.483155002006545e-17,0.0,False,negative_pr
case_0051,clamped_spline_random,40,"[1.412088764222468, 1.6265309668224537, 0.499866888401038, 1.941952326716268]",48.126530812633945,131.53053470270385,0.0,-1.5448276831642338,0.0,0.0,1.850371707708594e-17,0.0,False,negative_iq
case_0052,clamped_spline_random,40,"[0.5001370647377982, 0.9189827577250849, 0.841714385555427, 1.7071514528994565]",53.57209144480958,95.231655858269,0.0,-1.7427697414928893,0.0,4.440892098500626e-16,2.1973164029039557e-16,4.163336342344337e-17,False,negative_iq
case_0053,clamped_spline_random,40,"[1.8788825112034198, 0.3611192915488183, 0.5791343062682466, 0.819401156512342]",41.58477374203961,87.32489436934237,0.0,0.027362589040737566,0.0,0.0,-1.734723475976807e-16,6.938893903907228e-18,False,accepted_limit_reached
case_0054,clamped_spline_random,40,"[1.6340723190605115, 1.239384481188814, 1.5977367364401338, 0.9164907835829194]",43.74791351503134,129.3044236814353,0.0,0.0352501310311288,0.0,1.1102230246251565e-16,-8.500145032286355e-17,6.938893903907228e-18,False,accepted_limit_reached
case_0055,clamped_spline_random,40,"[0.5271199145437687, 0.9156179196403825, 0.681109515568343, 0.514631579692344]",45.147363384185404,63.32349430417765,0.0,-0.09097783453055469,0.0,0.0,1.1745523535259632e-18,-1.0408340855860843e-17,False,negative_iq
case_0056,clamped_spline_random,40,"[1.248901089802411, 0.631208654068226, 0.22681300092066695, 1.1222994894957559]",46.36748656161879,77.50133361983157,0.0,-0.05398671753851378,0.0,4.440892098500626e-16,-1.1796119636642288e-16,2.7755575615628914e-17,False,negative_iq
case_0057,clamped_spline_random,40,"[0.5958569854616041, 1.7749995851863163, 0.9931301254366652, 0.3222318912663563]",41.310543074910015,88.469246092932,-2.7755575615628914e-17,-2.1114826991565714,0.0,-2.7755575615628914e-17,-2.3071822230491534e-16,0.0,False,negative_iq
case_0058,clamped_spline_random,40,"[0.26248075755792727, 0.507034552205471, 0.4809691739440044, 1.039971917277078]",54.41700406299508,54.97095362145862,0.0,-1.1325928824638916,0.0,0.0,-1.1781663607675816e-16,0.0,False,negative_iq
case_0059,clamped_spline_random,40,"[1.5736056288873435, 1.1135674599106662, 0.6254839517207349, 0.9292389368206521]",42.636858741250364,101.80550345212873,0.0,0.007584491192280303,0.0,2.220446049250313e-16,6.245004513516506e-17,0.0,False,accepted_limit_reached
case_0060,clamped_spline_random,40,"[1.8655930606987892, 1.0774031552338532, 1.4209760685664392, 1.9451608897400148]",48.05211430024592,151.41919617576397,0.0,-0.09020507743147507,0.0,0.0,-3.122502256758253e-16,-2.7755575615628914e-17,False,negative_iq
case_0061,clamped_spline_random,40,"[1.5170548250380198, 0.9842870524814957, 1.2638146231796454, 1.0086782143730029]",44.74518768099704,114.57203315721142,0.0,0.007179525225482257,0.0,0.0,-3.5850951836854015e-17,6.938893903907228e-18,False,accepted_limit_reached
case_0062,clamped_spline_random,40,"[0.34549282125207786, 1.461876099163687, 1.1935201630608803, 0.4548121359673605]",44.98698808175273,82.93682926338381,-2.7755575615628914e-17,-2.8261406378055627,0.0,-2.7755575615628914e-17,6.360652745248292e-17,0.0,False,negative_iq
case_0063,clamped_spline_random,40,"[1.7493188124974974, 1.2772837919792785, 1.3458147225615373, 1.4149181630933083]",45.691823238787826,138.8960517576787,0.0,-0.02465487948645368,0.0,2.220446049250313e-16,-8.0953762212251e-18,0.0,False,negative_iq
case_0064,clamped_spline_random,40,"[1.9141473102417543, 1.472662560288141, 0.8046996813144282, 0.26343572197171633]",35.32040601305532,106.91868656736641,0.0,0.03676868197876035,0.0,2.0816681711721685e-17,-2.7755575615628914e-16,0.0,False,accepted_limit_reached
case_0065,clamped_spline_random,40,"[0.9791278200069065, 0.20747686391504852, 0.5034301100652108, 0.3882440126063394]",41.833235199760296,49.87869135627613,0.0,0.024271192874502242,0.0,0.0,-4.625929269271486e-17,0.0,False,accepted_limit_reached
case_0066,clamped_spline_random,40,"[1.6658827840072483, 1.2973359673609097, 1.9189152300970158, 1.7642207999516641]",47.81331881541038,159.51251474771044,-2.220446049250313e-16,-0.06488627950783867,0.0,-2.220446049250313e-16,-1.0639637319324417e-16,1.3877787807814457e-17,False,negative_iq
case_0067,clamped_spline_random,40,"[0.3158684985621934, 1.9090555675529077, 0.9191930689106204, 0.7631124004962716]",45.942146560365835,93.77350884882794,-0.018888683849274432,-4.800537806195968,0.0,0.0,-1.780982768669522e-16,6.938893903907228e-18,False,negative_pr
case_0068,clamped_spline_random,40,"[1.2450476276059295, 1.735764283702245, 0.754651729471364, 1.5033194099306741]",46.57952655840351,125.73079321208431,0.0,-1.204750992805923,0.0,4.440892098500626e-16,3.0068540250264654e-17,4.163336342344337e-17,False,negative_iq
case_0069,clamped_spline_random,40,"[0.8800739283879632, 1.1110982901889566, 0.3932672529682563, 1.7665165353183652]",51.11752246810046,99.6229441607943,0.0,-1.9465318415294663,0.0,4.440892098500626e-16,1.5959455978986625e-16,-2.7755575615628914e-17,False,negative_iq
case_0070,clamped_spline_random,40,"[1.5762664590273412, 0.25461256812470234, 0.8900532388855517, 1.9607663229338514]",51.135132419936625,112.3607661308815,0.0,-0.13878488179577234,0.0,4.440892098500626e-16,7.401486830834377e-16,-2.7755575615628914e-17,False,negative_iq
case_0071,clamped_spline_random,40,"[1.6650999558280997, 1.3357307471653905, 1.387058776145968, 0.31477843450586246]",38.75868658779087,112.86402992303456,-1.6653345369377348e-16,0.034572413877939245,0.0,-1.6653345369377348e-16,-2.590520390792032e-16,-5.204170427930421e-18,False,accepted_limit_reached
case_0072,clamped_spline_random,40,"[0.8396979097981496, 0.8059752631401268, 0.92164006676064, 1.6929622522469252]",51.939204635846956,102.24661180266601,0.0,-0.22328274995233477,0.0,0.0,-1.133352670971514e-16,0.0,False,negative_iq
case_0073,clamped_spline_random,40,"[0.3177435336515941, 1.024660254623476, 0.4451772510163748, 1.543923346362725]",53.88453975099067,79.95610525254537,0.0,-3.402988757561491,0.0,4.440892098500626e-16,1.5959455978986625e-16,2.7755575615628914e-17,False,negative_iq
case_0074,clamped_spline_random,40,"[0.20586310012559048, 1.1444708676166822, 1.3857928264565988, 0.3129028329032652]",45.8627877516623,73.17671104756404,-2.46611017415574e-05,-4.614640700153409,0.0,2.220446049250313e-16,-1.942890293094024e-16,1.0408340855860843e-17,False,negative_pr
case_0075,clamped_spline_random,40,"[1.3080159572111896, 1.6151171835734075, 1.2033093555125867, 0.42857479458373304]",40.16589702274713,109.32041497682869,-1.3877787807814457e-17,0.018710056768875195,0.0,-1.3877787807814457e-17,-9.251858538542972e-17,0.0,False,accepted_limit_reached
case_0076,clamped_spline_random,40,"[1.414870729662919, 0.371096869166713, 1.4459641761174329, 1.1283571540006623]",47.52483746988753,104.64693429061657,0.0,-0.027986477219020322,0.0,1.1102230246251565e-16,3.469446951953614e-17,6.938893903907228e-18,False,negative_iq
case_0077,clamped_spline_random,40,"[1.3555912735107332, 0.3226411819380018, 1.7976004698701684, 1.7242100696032354]",50.908693709406705,124.80103187320722,0.0,-0.1078395490323852,0.0,2.220446049250313e-16,2.6020852139652106e-18,0.0,False,negative_iq
case_0078,clamped_spline_random,40,"[0.7925638641600181, 1.5710132299540525, 0.8309871872488145, 0.7327561383932348]",44.05588524145497,94.25569007042796,-1.1102230246251565e-16,-1.0002055498747744,0.0,-1.1102230246251565e-16,-2.891205793294679e-17,0.0,False,negative_iq
case_0079,clamped_spline_random,40,"[0.4637328168425797, 1.8037528795740692, 0.5890793281733825, 1.7964869937160153]",51.14886843158027,111.67324843493898,-3.648355638174612e-05,-5.481423831160134,0.0,4.440892098500626e-16,-8.153200337090993e-17,2.7755575615628914e-17,False,negative_pr
